catalogue_index,source_id,slug,name,source_group,catalogue_task,catalogue_class_count,catalogue_species_count,catalogue_image_count,observation_scale,environment,target_species,data_url,data_doi,homepage_url,recorded_data_url,mapping_sheet,release_status,mapped_samples,mapped_classes,train,val,test,dataset_license,license_status,license_evidence_url,license_checked_on,notes,citekey,reference_type,reference_title,reference_authors,reference_year,reference_venue,reference_doi,reference_url,reference_verification,additional_citekeys
1,PlantVillage,plantvillage,PlantVillage,disease,Classification,39,14,54309,Single-leaf,Controlled,14 crops,https://data.mendeley.com/datasets/tywbtsjrjv/1,10.17632/tywbtsjrjv.1,https://data.mendeley.com/datasets/tywbtsjrjv/1,https://data.mendeley.com/datasets/tywbtsjrjv/1,PlantVillage,mapped,18467,12,12924,1845,3698,CC0-1.0,declared_on_dataset_page,https://data.mendeley.com/datasets/tywbtsjrjv/1,2026-09-12,"The original adapter uses Plant_leave_diseases_dataset_with_augmentation. The recorded Mendeley deposit reports 61,486 augmented images; the catalogue's 54,309 describes PlantVillage generally. Reconstruct from the recorded deposit and manifest, not an interchangeable PlantVillage mirror. The displayed CC0 label is the deposit's declaration, not an independent clearance of upstream image rights.",hughesOpenAccessRepository2016,misc,An Open Access Repository of Images on Plant Health to Enable the Development of Mobile Disease Diagnostics,"Hughes, David P. and Salathe, Marcel",2016,arXiv,10.48550/arXiv.1511.08060,https://doi.org/10.48550/arXiv.1511.08060,verified,pandianPlantVillageDeposit2019
2,OLID I,olid-i,OLID I,disease,Classification,58,8,4749,Single-leaf,Controlled,8 crops,https://www.kaggle.com/datasets/raiaone/olid-i,,https://www.kaggle.com/datasets/raiaone/olid-i,https://www.kaggle.com/datasets/raiaone/olid-i,OLID I,mapped,786,8,547,76,163,unknown,unknown,,,,orkaOLIDOpenLeaf2023,article,OLID I: An Open Leaf Image Dataset for Plant Stress Recognition,"Orka, Nabil Anan and Uddin, M. Nazim and Toushique, Fardeen Md. and Hossain, M. Shahadath",2023,Front. Plant Sci.,10.3389/fpls.2023.1251888,https://doi.org/10.3389/fpls.2023.1251888,verified,
3,PlantDoc,plantdoc,PlantDoc,disease,Classification,28,10,2598,mixed,mixed,10 crops,https://github.com/pratikkayal/PlantDoc-Dataset,,https://github.com/pratikkayal/PlantDoc-Dataset,https://github.com/pratikkayal/PlantDoc-Dataset,PlantDoc,mapped,850,10,585,81,184,unknown,unknown,,,,singhPlantDocDatasetVisual2020,inproceedings,PlantDoc: A Dataset for Visual Plant Disease Detection,"Singh, Davinder and Jain, Naman and Jain, Pranjali and Kayal, Pratik and Kumawat, Sudhakar and Batra, Nipun",2020,Proceedings of the 7th ACM IKDD CoDS and 25th COMAD,10.1145/3371158.3371196,https://doi.org/10.1145/3371158.3371196,verified,
4,RiceDID,ricedid,Rice Diseases Image Dataset,disease,Classification,4,1,5447,Single-leaf,Controlled,Rice,https://www.kaggle.com/datasets/minhhuy2810/rice-diseases-image-dataset,,https://www.kaggle.com/datasets/minhhuy2810/rice-diseases-image-dataset,https://www.kaggle.com/datasets/minhhuy2810/rice-diseases-image-dataset,RiceDID,mapped,1488,1,1041,148,299,unknown,unknown,,,,huyminhdoRice2019,misc,Rice Diseases Image Dataset,Huy Minh Do,2019,,,https://www.kaggle.com/datasets/minhhuy2810/rice-diseases-image-dataset,manuscript_bibliography,
5,CucumberPDD,cucumberpdd,Cucumber plant diseases dataset,disease,Classification,2,1,679,mixed,Outdoor,Cucumber,https://www.kaggle.com/datasets/kareem3egm/cucumber-plant-diseases-dataset?select=Cucumber+plant+diseases+dataset,,https://www.kaggle.com/datasets/kareem3egm/cucumber-plant-diseases-dataset?select=Cucumber+plant+diseases+dataset,https://www.kaggle.com/datasets/kareem3egm/cucumber-plant-diseases-dataset?select=Cucumber+plant+diseases+dataset,CucumberPDD,mapped,341,1,238,34,69,unknown,unknown,,,,karimnegmCucumber2020,misc,Cucumber Plant Diseases Dataset,Karim Negm,2020,,,https://www.kaggle.com/datasets/kareem3egm/cucumber-plant-diseases-dataset,manuscript_bibliography,
6,WheatLD,wheatld,Wheat Leaf Dataset,disease,Classification,3,1,407,mixed,Outdoor,Wheat,https://data.mendeley.com/datasets/wgd66f8n6h/1,10.17632/wgd66f8n6h.1,https://data.mendeley.com/datasets/wgd66f8n6h/1,https://data.mendeley.com/datasets/wgd66f8n6h/1,WheatLD,mapped,102,1,71,10,21,CC-BY-4.0,declared_on_dataset_page,https://data.mendeley.com/datasets/wgd66f8n6h/1,2026-09-12,,getachewWheat2021,misc,Wheat Leaf Dataset,"Getachew, Hawi",2021,Mendeley Data,,https://data.mendeley.com/datasets/wgd66f8n6h/1,verified,
7,CGIAR,cgiar,CGIAR Computer Vision for Crop Disease,disease,Classification,3,1,1486,mixed,Outdoor,Wheat,https://www.kaggle.com/datasets/shadabhussain/cgiar-computer-vision-for-crop-disease,,https://www.kaggle.com/datasets/shadabhussain/cgiar-computer-vision-for-crop-disease,https://www.kaggle.com/datasets/shadabhussain/cgiar-computer-vision-for-crop-disease,CGIAR,mapped,142,1,99,14,29,unknown,unknown,,,The spreadsheet's paper URL mistakenly points to the AppleLeaf9 paper. This catalogue uses the CGIAR data-page citation from Table 1 and the manuscript bibliography.,shadabhussainCGIAR2020,misc,CGIAR Computer Vision for Crop Disease,Shadab Hussain,2020,,,https://www.kaggle.com/datasets/shadabhussain/cgiar-computer-vision-for-crop-disease,manuscript_bibliography,
8,AppleLeaf9,appleleaf9,AppleLeaf9,disease,Classification,9,1,14582,Single-branch,Outdoor,Apple,https://github.com/JasonYangCode/AppleLeaf9/tree/main,,https://github.com/JasonYangCode/AppleLeaf9/tree/main,https://github.com/JasonYangCode/AppleLeaf9/tree/main,AppleLeaf9,mapped,516,1,361,51,104,unknown,unknown,,,,yangEfficientIdentificationApple2022,article,Efficient Identification of Apple Leaf Diseases in the Wild Using Convolutional Neural Networks,"Yang, Qing and Duan, Shukai and Wang, Lidan",2022,Agronomy,10.3390/agronomy12112784,https://doi.org/10.3390/agronomy12112784,verified,
9,BananaLDI,bananaldi,Banana Leaf Disease Images,disease,Classification,3,1,1288,Single-leaf,Outdoor,Banana,https://data.mendeley.com/datasets/rjykr62kdh/1,10.17632/rjykr62kdh.1,https://data.mendeley.com/datasets/rjykr62kdh/1,https://data.mendeley.com/datasets/rjykr62kdh/1,BananaLDI,mapped,155,1,108,15,32,CC-BY-4.0,declared_on_dataset_page,https://data.mendeley.com/datasets/rjykr62kdh/1,2026-09-12,,hailuBanana2021,misc,Banana Leaf Disease Images,"Hailu, Yordanos",2021,Mendeley Data,,https://data.mendeley.com/datasets/rjykr62kdh/1,verified,
10,ATLDSD,atldsd,Apple Tree Leaf Disease Segmentation Dataset,disease,Segmentation,5,1,1641,Single-branch,Outdoor,Apple,https://www.scidb.cn/en/detail?dataSetId=0e1f57004db842f99668d82183afd578&version=V1,,https://www.scidb.cn/en/detail?dataSetId=0e1f57004db842f99668d82183afd578&version=V1,https://www.scidb.cn/en/detail?dataSetId=0e1f57004db842f99668d82183afd578&version=V1,ATLDSD,mapped,409,1,286,40,83,unknown,unknown,,,,fengApple2022,misc,Apple Tree Leaf Disease Segmentation Dataset,"Feng, Jingze and Chao, Xiaofei",2022,,10.11922/sciencedb.01627,https://doi.org/10.11922/sciencedb.01627,manuscript_bibliography,
11,chilli,chilli,chilli dataset,disease,Classification,5,1,1932,mixed,Outdoor,Chilli,https://data.mendeley.com/datasets/tf9dtfz9m6/2,10.17632/tf9dtfz9m6.2,https://data.mendeley.com/datasets/tf9dtfz9m6/2,https://data.mendeley.com/datasets/tf9dtfz9m6/2,chilli,mapped,2596,1,1817,259,520,CC-BY-4.0,declared_on_dataset_page,https://data.mendeley.com/datasets/tf9dtfz9m6/2,2026-09-12,"The recorded download is Mendeley V2 (2024), deposited by Aishwarya M P and Padmanabha Reddy. The manuscript cites the Naik et al. (2022) article. The download-to-paper relationship is not established by the sparse deposit description; both are retained as recorded provenance.",naikDetection2022,article,Detection and Classification of Chilli Leaf Disease Using a Squeeze-and-Excitation-Based CNN Model,"Naik, B. Nageswararao and Malmathanraj, R. and Palanisamy, P.",2022,Ecol. Inf.,10.1016/j.ecoinf.2022.101663,https://doi.org/10.1016/j.ecoinf.2022.101663,verified,aishwaryaChilliDeposit2024
12,CottonLDD,cottonldd,cotton leaf disease dataset,disease,Classification,4,1,1711,mixed,Outdoor,Cotton,https://www.kaggle.com/datasets/seroshkarim/cotton-leaf-disease-dataset,,https://www.kaggle.com/datasets/seroshkarim/cotton-leaf-disease-dataset,https://www.kaggle.com/datasets/seroshkarim/cotton-leaf-disease-dataset,CottonLDD,mapped,425,1,297,42,86,unknown,unknown,,,,noonComputationally2021,article,Computationally Light Deep Learning Framework to Recognize Cotton Leaf Diseases,"Noon, Serosh Karim and Amjad, Muhammad and Ali Qureshi, Muhammad and Mannan, Abdul",2021,J. Intell. Fuzzy Syst.,10.3233/JIFS-210516,https://doi.org/10.3233/JIFS-210516,verified,
13,CottonPD,cottonpd,Cotton plant disease,disease,Classification,6,1,26100,mixed,Outdoor,Cotton,https://www.kaggle.com/datasets/dhamur/cotton-plant-disease,,https://www.kaggle.com/datasets/dhamur/cotton-plant-disease,https://www.kaggle.com/datasets/dhamur/cotton-plant-disease,CottonPD,mapped,800,1,560,80,160,unknown,unknown,,,,dhamodharanrCotton2023,misc,Cotton Plant Disease,Dhamodharan R,2023,,,https://www.kaggle.com/datasets/dhamur/cotton-plant-disease,manuscript_bibliography,
14,PLD,pld,Potato Disease Leaf Dataset(PLD),disease,Classification,3,1,4072,Single-leaf,Controlled,Potato,https://www.kaggle.com/datasets/rizwan123456789/potato-disease-leaf-datasetpld,,https://www.kaggle.com/datasets/rizwan123456789/potato-disease-leaf-datasetpld,https://www.kaggle.com/datasets/rizwan123456789/potato-disease-leaf-datasetpld,PLD,mapped,1020,1,714,102,204,unknown,unknown,,,"The historical spreadsheet reports 4,072 upstream images; the manuscript Table 1 reports 4,062. The released mapping independently records 1,020 selected images.",rashidMultilevelDeepLearning2021a,article,Multi-Level Deep Learning Model for Potato Leaf Disease Recognition,"Rashid, Javed and Khan, Imran and Ali, Ghulam and Almotiri, Sultan H. and AlGhamdi, Mohammed A. and Masood, Khalid",2021,Electronics,10.3390/electronics10172064,https://doi.org/10.3390/electronics10172064,verified,
15,Cassava,cassava,Cassava Disease Classification,disease,Classification,5,1,21400,Single-branch,Outdoor,Cassava,https://www.kaggle.com/c/cassava-disease/overview,,https://www.kaggle.com/c/cassava-disease/overview,https://www.kaggle.com/c/cassava-disease/overview,Cassava,mapped,316,1,221,31,64,unknown,unknown,,,"The retained URL and cited paper are the 2019 iCassava challenge. The catalogue reports 21,400 upstream images. An exact upstream archive version was not recorded; the manifest's filenames and selected 316 images define this release's membership.",mwebazeICassava2019Finegrained2019,misc,iCassava 2019 Fine-Grained Visual Categorization Challenge,"Mwebaze, Ernest and Gebru, Timnit and Frome, Andrea and Nsumba, Solomon and Tusubira, Jeremy",2019,arXiv,10.48550/arXiv.1908.02900,https://doi.org/10.48550/arXiv.1908.02900,verified,
16,PP2020,pp2020,Plant Pathology 2020 - FGVC7,disease,Classification,4,1,3642,mixed,Outdoor,Apple,https://www.kaggle.com/c/plant-pathology-2020-fgvc7/overview,,https://www.kaggle.com/c/plant-pathology-2020-fgvc7/overview,https://www.kaggle.com/c/plant-pathology-2020-fgvc7/overview,PP2020,mapped,516,1,361,51,104,unknown,unknown,,,,thapaPlant2020,article,The Plant Pathology Challenge 2020 Data Set to Classify Foliar Disease of Apples,"Thapa, Ranjita and Zhang, Kai and Snavely, Noah and Belongie, Serge and Khan, Awais",2020,Appl. Plant Sci.,10.1002/aps3.11390,https://doi.org/10.1002/aps3.11390,verified,
17,ESCA,esca,ESCA-dataset,disease,Classification,2,1,1768,Single-branch,Outdoor,Grape,https://data.mendeley.com/datasets/89cnxc58kj/1,10.17632/89cnxc58kj.1,https://data.mendeley.com/datasets/89cnxc58kj/1,https://data.mendeley.com/datasets/89cnxc58kj/1,ESCA,mapped,882,1,617,88,177,CC-BY-4.0,declared_on_dataset_page,https://data.mendeley.com/datasets/89cnxc58kj/1,2026-09-12,,alessandriniGrapevine2021,article,A Grapevine Leaves Dataset for Early Detection and Classification of Esca Disease in Vineyards through Machine Learning,"Alessandrini, M. and Calero Fuentes Rivera, R. and Falaschetti, L. and Pau, D. and Tomaselli, V. and Turchetti, C.",2021,Data Brief,10.1016/j.dib.2021.106809,https://doi.org/10.1016/j.dib.2021.106809,verified,
18,SugarcaneLDD,sugarcaneldd,Sugarcane Leaf Disease Dataset,disease,Classification,5,1,2569,Single-leaf,Outdoor,Sugarcane,https://data.mendeley.com/datasets/9424skmnrk/1,10.17632/9424skmnrk.1,https://data.mendeley.com/datasets/9424skmnrk/1,https://data.mendeley.com/datasets/9424skmnrk/1,SugarcaneLDD,mapped,522,1,365,52,105,CC-BY-4.0,declared_on_dataset_page,https://data.mendeley.com/datasets/9424skmnrk/1,2026-09-12,,daphalSugarcane2022,misc,Sugarcane Leaf Disease Dataset,"Daphal, Swapnil and Koli, Sanjay",2022,Mendeley Data,,https://data.mendeley.com/datasets/9424skmnrk/1,verified,
19,CornLD,cornld,Corn Leaf Disease,disease,Classification,4,1,4000,Single-leaf,Controlled,Corn,https://www.kaggle.com/datasets/ndisan/corn-leaf-disease,,https://www.kaggle.com/datasets/ndisan/corn-leaf-disease,https://www.kaggle.com/datasets/ndisan/corn-leaf-disease,CornLD,mapped,1000,1,700,100,200,unknown,unknown,,,,sandiindikasaputraCorn2023,misc,Corn Leaf Disease,Sandi Indika Saputra,2023,,,https://www.kaggle.com/datasets/ndisan/corn-leaf-disease,manuscript_bibliography,
20,MangoLeafBD,mangoleafbd,Mango Leaf Disease Dataset,disease,Classification,8,1,4000,Single-leaf,Controlled,Mango,https://data.mendeley.com/datasets/hxsnvwty3r/1,10.17632/hxsnvwty3r.1,https://data.mendeley.com/datasets/hxsnvwty3r/1,https://data.mendeley.com/datasets/hxsnvwty3r/1,MangoLeafBD,mapped,500,1,350,50,100,CC-BY-NC-3.0,declared_on_dataset_page,https://data.mendeley.com/datasets/hxsnvwty3r/1,2026-09-12,,ahmedMangoLeafBD2023,article,MangoLeafBD: A Comprehensive Image Dataset to Classify Diseased and Healthy Mango Leaves,"Ahmed, Sarder Iftekhar and Ibrahim, Muhammad and Nadim, Md. and Rahman, Md. Mizanur and Shejunti, Maria Mehjabin and Jabid, Taskeed and Ali, Md. Sawkat",2023,Data Brief,10.1016/j.dib.2023.108941,https://doi.org/10.1016/j.dib.2023.108941,verified,
21,Soybean Leaves,soybean-leaves,Soybean images dataset,disease,Classification,3,1,6410,Whole-plant,Outdoor,Soybean,https://data.mendeley.com/datasets/bycbh73438/1,10.17632/bycbh73438.1,https://data.mendeley.com/datasets/bycbh73438/1,https://data.mendeley.com/datasets/bycbh73438/1,Soybean Leaves,mapped,896,1,627,89,180,CC-BY-4.0,declared_on_dataset_page,https://data.mendeley.com/datasets/bycbh73438/1,2026-09-12,,mignoniSoybean2022,article,Soybean Images Dataset for Caterpillar and Diabrotica Speciosa Pest Detection and Classification,"Mignoni, Maria Eloisa and Honorato, Aislan and Kunst, Rafael and Righi, Rodrigo and Massuquetti, Angélica",2022,Data Brief,10.1016/j.dib.2021.107756,https://doi.org/10.1016/j.dib.2021.107756,verified,
22,SugarcaneDD,sugarcanedd,Sugarcane Disease Dataset,disease,Classification,3,1,300,mixed,Outdoor,Sugarcane,https://www.kaggle.com/datasets/prabhakaransoundar/sugarcane-disease-dataset,,https://www.kaggle.com/datasets/prabhakaransoundar/sugarcane-disease-dataset,https://www.kaggle.com/datasets/prabhakaransoundar/sugarcane-disease-dataset,SugarcaneDD,mapped,100,1,70,10,20,unknown,unknown,,,,prabhakaransoundarSugarcane2022,misc,Sugarcane Disease Dataset,Prabhakaran Soundar,2022,,,https://www.kaggle.com/datasets/prabhakaransoundar/sugarcane-disease-dataset,manuscript_bibliography,
23,Coffee plant disease,coffee-plant-disease,Coffee plant disease,disease,Classification,3,1,1000,mixed,Outdoor,Coffee,https://www.kaggle.com/datasets/coffeedisease/coffee-plant-disease,,https://www.kaggle.com/datasets/coffeedisease/coffee-plant-disease,https://www.kaggle.com/datasets/coffeedisease/coffee-plant-disease,Coffee plant disease,mapped,435,1,304,43,88,unknown,unknown,,,,coffeediseaseCoffee2021,misc,Coffee Plant Disease,Coffee Disease,2021,,,https://www.kaggle.com/datasets/coffeedisease/coffee-plant-disease,manuscript_bibliography,
24,Fruit Leaf,fruit-leaf,Database of Leaf Images/Fruit Leaf,disease,Classification,12,12,4503,Single-leaf,Controlled,12 crops,https://data.mendeley.com/datasets/hb74ynkjcn/4,10.17632/hb74ynkjcn.4,https://data.mendeley.com/datasets/hb74ynkjcn/4,https://data.mendeley.com/datasets/hb74ynkjcn/4,Fruit Leaf,mapped,2277,11,1589,222,466,CC-BY-4.0,declared_on_dataset_page,https://data.mendeley.com/datasets/hb74ynkjcn/4,2026-09-12,,chouhanDataRepositoryLeaf2019,inproceedings,A Data Repository of Leaf Images: Practice towards Plant Conservation with Plant Pathology,"Chouhan, Siddharth Singh and Singh, Uday Pratap and Kaul, Ajay and Jain, Sanjeev",2019,2019 4th International Conference on Information Systems and Computer Networks (ISCON),10.1109/ISCON47742.2019.9036158,https://doi.org/10.1109/ISCON47742.2019.9036158,verified,
25,Weed25,weed25,Weed25,crop_weed,Detection,25,25,14035,Whole-plant,Outdoor,25 Weeds,https://pan.baidu.com/s/1rnUoDm7IxxmX1n1LmtXNXw,,https://doi.org/10.3389/fpls.2022.1053329,https://doi.org/10.3389/fpls.2022.1053329,Weed25,mapped,17436,25,12191,1731,3514,unknown,unknown,,,The paper supplies the Baidu download link and access code rn5h. The historical catalogue used the paper DOI as its data URL; both routes are retained here.,wangWeed25DeepLearning2022,article,Weed25: A Deep Learning Dataset for Weed Identification,"Wang, Pei and Tang, Yin and Luo, Fan and Wang, Lihong and Li, Chengsong and Niu, Qi and Li, Hui",2022,Front. Plant Sci.,10.3389/fpls.2022.1053329,https://doi.org/10.3389/fpls.2022.1053329,verified,
26,CottonWeedDet12,cottonweeddet12,CottonWeedDet12,crop_weed,Detection,12,12,5648,Whole-plant,Outdoor,12 Weeds,https://weed-ai.sydney.edu.au/datasets/2c14915b-0827-4b65-9908-d2a6df0d48f3,,https://weed-ai.sydney.edu.au/datasets/2c14915b-0827-4b65-9908-d2a6df0d48f3,https://weed-ai.sydney.edu.au/datasets/2c14915b-0827-4b65-9908-d2a6df0d48f3,CottonWeedDet12,mapped,8826,10,6175,878,1773,unknown,unknown,,,,dangYOLOWeeds2023,article,YOLOWeeds: A Novel Benchmark of YOLO Object Detectors for Multi-Class Weed Detection in Cotton Production Systems,"Dang, Fengying and Chen, Dong and Lu, Yuzhen and Li, Zhaojian",2023,Comput. Electron. Agric.,10.1016/j.compag.2023.107655,https://doi.org/10.1016/j.compag.2023.107655,verified,
27,DeepWeeds,deepweeds,DeepWeeds,crop_weed,Classification,8,8,17509,Whole-plant,Outdoor,8 Weeds,https://www.kaggle.com/datasets/imsparsh/deepweeds,,https://www.kaggle.com/datasets/imsparsh/deepweeds,https://www.kaggle.com/datasets/imsparsh/deepweeds,DeepWeeds,mapped,8403,8,5878,837,1688,unknown,unknown,,,,olsenDeepWeeds2019,article,DeepWeeds: A Multiclass Weed Species Image Dataset for Deep Learning,"Olsen, Alex and Konovalov, Dmitry A. and Philippa, Bronson and Ridd, Peter and Wood, Jake C. and Johns, Jamie and Banks, Wesley and Girgenti, Benjamin and Kenny, Owen and Whinney, James and Calvert, Brendan and Azghadi, Mostafa Rahimi and White, Ronald D.",2019,Sci. Rep.,10.1038/s41598-018-38343-3,https://doi.org/10.1038/s41598-018-38343-3,verified,
28,CWID15,cwid15,CottonWeedID15,crop_weed,Classification,15,15,5187,Whole-plant,Outdoor,15 Weeds,https://www.kaggle.com/datasets/yuzhenlu/cottonweedid15,,https://www.kaggle.com/datasets/yuzhenlu/cottonweedid15,https://www.kaggle.com/datasets/yuzhenlu/cottonweedid15,CWID15,mapped,1785,8,1246,175,364,unknown,unknown,,,,chenPerformance2022,article,Performance Evaluation of Deep Transfer Learning on Multi-Class Identification of Common Weed Species in Cotton Production Systems,"Chen, Dong and Lu, Yuzhen and Li, Zhaojian and Young, Sierra",2022,Comput. Electron. Agric.,10.1016/j.compag.2022.107091,https://doi.org/10.1016/j.compag.2022.107091,verified,
29,WeedNet-R,weednet-r,SugarBeet2016,crop_weed,Detection,2,1,4817,Whole-plant,Outdoor,"Sugar beet, weeds",https://github.com/GOOJJJ/WeedNet-R/,,https://github.com/GOOJJJ/WeedNet-R/,https://github.com/GOOJJJ/WeedNet-R/,WeedNet-R,mapped,6524,1,4566,652,1306,unknown,unknown,,,SugarBeet2016 in the catalogue corresponds to the WeedNet-R adapter and worksheet. The WeedNet-R repository acknowledges Sugar Beets 2016 as its upstream source. OpenPlant samples are object crops and can outnumber original images.,guoWeedNetRSugarBeet2023,article,WeedNet-R: A Sugar Beet Field Weed Detection Algorithm Based on Enhanced RetinaNet and Context Semantic Fusion,"Guo, Zhiqiang and Goh, Hui Hwang and Li, Xiuhua and Zhang, Muqing and Li, Yong",2023,Front. Plant Sci.,10.3389/fpls.2023.1226329,https://doi.org/10.3389/fpls.2023.1226329,verified,
30,CWD30,cwd30,CWD30,crop_weed,Classification,30,30,219770,Whole-plant,mixed,"10 crops, 20 weeds",https://github.com/Mr-TalhaIlyas/CWD30,,https://github.com/mr-talhailyas/cwd30,https://github.com/mr-talhailyas/cwd30,CWD30,mapped,122427,30,85687,12233,24507,unknown,unknown,,,,ilyasCWD302025,article,CWD30: A New Benchmark Dataset for Crop Weed Recognition in Precision Agriculture,"Ilyas, Talha and Arsa, Dewa Made Sri and Ahmad, Khubaib and Lee, Jonghoon and Won, Okjae and Lee, Hyeonsu and Kim, Hyongsuk and Park, Dong Sun",2025,Comput. Electron. Agric.,10.1016/j.compag.2024.109737,https://doi.org/10.1016/j.compag.2024.109737,verified,
31,PlantSeedlings,plantseedlings,Plant Seedlings Classification,crop_weed,Classification,12,12,5545,Whole-plant,Controlled,"3 crops, 9 weeds",https://vision.eng.au.dk/plant-seedlings-dataset/,,https://vision.eng.au.dk/plant-seedlings-dataset/,https://vision.eng.au.dk/plant-seedlings-dataset/,PlantSeedlings,mapped,5539,12,3872,548,1119,CC-BY-SA-4.0,declared_on_dataset_page,https://vision.eng.au.dk/plant-seedlings-dataset/,2026-09-12,"The adapter reads NonsegmentedV2 (cropped, nonsegmented single plants). Use the V2 link on the official dataset page.",giselssonPublicImageDatabase2017,misc,A Public Image Database for Benchmark of Plant Seedling Classification Algorithms,"Giselsson, Thomas Mosgaard and Jørgensen, Rasmus Nyholm and Jensen, Peter Kryger and Dyrmann, Mads and Midtiby, Henrik Skov",2017,arXiv,10.48550/arXiv.1711.05458,https://doi.org/10.48550/arXiv.1711.05458,verified,
32,plantnet_300K,plantnet-300k,PlantNet-300K,general_plant,Classification,1081,1081,306146,Whole-plant,Outdoor,mixed,https://zenodo.org/records/5645731,10.5281/zenodo.5645731,https://github.com/plantnet/PlantNet-300K,https://github.com/plantnet/PlantNet-300K,plantnet_300K,mapped,306146,1021,213772,30413,61961,CC-BY-4.0,declared_in_datacite_record,https://api.datacite.org/dois/10.5281/zenodo.5645731,2026-09-12,"The manuscript cites Zenodo record 5645731 (V1.1), whose DataCite record declares CC BY 4.0 at deposit level. The official repository also supplies the NeurIPS 2021 paper and per-image author/license metadata. Preserve those image-level terms. The 1,081 upstream labels correspond to 1,021 distinct class names in the released mapping after name standardization.",garcinPlntNet300KImageDataset2021,misc,Pl@ntNet-300K Image Dataset,"Garcin, Camille and Joly, Alexis and Bonnet, Pierre and Affouard, Antoine and Jean-Christophe Lombardo and Chouet, Mathias and Servajean, Maximilien and Titouan Lorieul and Salmon, Joseph",2021,Zenodo,10.5281/ZENODO.5645731,https://doi.org/10.5281/ZENODO.5645731,verified,garcinPlantNetPaper2021
33,Early_crop_weed,early-crop-weed,early-crop-weed,crop_weed,Classification,4,4,508,Whole-plant,Outdoor,"2 crops, 2 weeds",https://github.com/AUAgroup/early-crop-weed,,https://github.com/AUAgroup/early-crop-weed,https://github.com/AUAgroup/early-crop-weed,Early_crop_weed,mapped,508,4,354,50,104,unknown,unknown,,,,auagroupAUAgroup2024,misc,AUAgroup/Early-Crop-Weed,AUAgroup,2024,,,https://github.com/AUAgroup/early-crop-weed,manuscript_bibliography,
34,OPPD,oppd,Open Plant Phenotyping Database,crop_weed,Classification,47,47,315038,Whole-plant,Controlled,46 weeds,https://vision.eng.au.dk/open-plant-phenotyping-database/,,https://vision.eng.au.dk/open-plant-phenotyping-database/,https://vision.eng.au.dk/open-plant-phenotyping-database/,OPPD,mapped,97962,47,68553,9772,19637,CC-BY-NC-SA-4.0,declared_on_dataset_page,https://vision.eng.au.dk/open-plant-phenotyping-database/,2026-09-12,"The upstream site describes 7,590 RGB images containing 315,038 plant objects. The catalogue's 315,038 therefore counts objects. OpenPlant uses selected individual-plant images recorded under images_plants.",leminenmadsenOpen2020,article,Open Plant Phenotype Database of Common Weeds in Denmark,"Leminen Madsen, Simon and Mathiassen, Solvejg Kopp and Dyrmann, Mads and Laursen, Morten Stigaard and Paz, Laura-Carlota and Jørgensen, Rasmus Nyholm",2020,Remote Sens.,10.3390/rs12081246,https://doi.org/10.3390/rs12081246,verified,
35,CottonWeedDet3,cottonweeddet3,CottonWeedDet3,crop_weed,Detection,3,3,848,Whole-plant,Outdoor,3 weeds,https://www.kaggle.com/datasets/yuzhenlu/cottonweeddet3,,https://www.kaggle.com/datasets/yuzhenlu/cottonweeddet3,https://www.kaggle.com/datasets/yuzhenlu/cottonweeddet3,,catalogue_only,,,,,,unknown,unknown,,,"Listed in the historical catalogue and manuscript Table 1, but no separately named worksheet or adapter registration occurs in the recovered release mapping/build registry. No contribution can be assigned from that evidence; the reason is unresolved.",rahmanPerformance2023,article,Performance Evaluation of Deep Learning Object Detectors for Weed Detection for Cotton,"Rahman, Abdur and Lu, Yuzhen and Wang, Haifeng",2023,Smart Agric. Technol.,10.1016/j.atech.2022.100126,https://doi.org/10.1016/j.atech.2022.100126,verified,
36,weed-datasets,weed-datasets,weed-datasets,crop_weed,Classification,7,6,6793,Whole-plant,Outdoor,"Corn, lettuce, 4 weeds ",https://github.com/zhangchuanyin/weed-datasets,,https://github.com/zhangchuanyin/weed-datasets,https://github.com/zhangchuanyin/weed-datasets,weed-datasets,mapped,6699,7,4688,669,1342,unknown,unknown,,,,zhangchuanyinZhangchuanyin2023,misc,Zhangchuanyin/Weed-Datasets,zhangchuanyin,2023,,,https://github.com/zhangchuanyin/weed-datasets,manuscript_bibliography,
37,Carrot-Weed,carrot-weed,Carrot-Weed,crop_weed,Segmentation,2,1,401,Whole-plant,Outdoor,"Carrot, weed",https://github.com/lameski/rgbweeddetection,,https://github.com/lameski/rgbweeddetection,https://github.com/lameski/rgbweeddetection,,catalogue_only,,,,,,unknown,unknown,,,"Listed in the historical catalogue and manuscript Table 1, but no separately named worksheet or adapter registration occurs in the recovered release mapping/build registry. No contribution can be assigned from that evidence; the reason is unresolved.",lameskiWeedDetectionDataset2017,inproceedings,Weed Detection Dataset with RGB Images Taken under Variable Light Conditions,"Lameski, Petre and Zdravevski, Eftim and Trajkovik, Vladimir and Kulakov, Andrea",2017,ICT Innovations 2017,10.1007/978-3-319-67597-8_11,https://doi.org/10.1007/978-3-319-67597-8_11,verified,
38,VCD,vcd,Vegetable Crops Dataset for Proximal Sensing (VCD),crop_weed,Detection,3,3,2182,Whole-plant,Outdoor,"Maize, bean, leek",https://data.mendeley.com/datasets/d7kbzjr83k/1,10.17632/d7kbzjr83k.1,https://data.mendeley.com/datasets/d7kbzjr83k/1,https://data.mendeley.com/datasets/d7kbzjr83k/1,VCD,mapped,4009,3,2805,399,805,CC-BY-4.0,declared_on_dataset_page,https://data.mendeley.com/datasets/d7kbzjr83k/1,2026-09-12,,lacAnnotated2022,article,An Annotated Image Dataset of Vegetable Crops at an Early Stage of Growth for Proximal Sensing Applications,"Lac, Louis and Keresztes, Barna and Louargant, Marine and Donias, Marc and Da Costa, Jean-Pierre",2022,Data Brief,10.1016/j.dib.2022.108035,https://doi.org/10.1016/j.dib.2022.108035,verified,
39,SorghumWeed,sorghumweed,SorghumWeedDataset_Classification,crop_weed,Classification,3,1,4312,Whole-plant,Outdoor,"Sorghum, weeds",https://data.mendeley.com/datasets/4gkcyxjyss/1,10.17632/4gkcyxjyss.1,https://data.mendeley.com/datasets/4gkcyxjyss/1,https://data.mendeley.com/datasets/4gkcyxjyss/1,SorghumWeed,mapped,1404,1,982,140,282,CC-BY-4.0,declared_on_dataset_page,https://data.mendeley.com/datasets/4gkcyxjyss/1,2026-09-12,"Only the 1,404 sorghum samples are represented in the mapping; the upstream generic grasses/broad-leaf weed classes are not represented as separate OpenPlant taxa.",justinaSorghumWeedDataset_Classification2024,article,"SorghumWeedDataset_Classification and SorghumWeedDataset_Segmentation Datasets for Classification, Detection, and Segmentation in Deep Learning","Justina, Michael J. and Thenmozhi, M.",2024,Data Brief,10.1016/j.dib.2023.109935,https://doi.org/10.1016/j.dib.2023.109935,verified,
40,ImageWeeds,imageweeds,ImageWeeds,crop_weed,Detection,5,4,3975,Whole-plant,Controlled,4 weeds,https://data.mendeley.com/datasets/8kjcztbjz2/2,10.17632/8kjcztbjz2.2,https://data.mendeley.com/datasets/8kjcztbjz2/2,https://data.mendeley.com/datasets/8kjcztbjz2/2,ImageWeeds,mapped,4509,4,3155,449,905,CC-BY-4.0,declared_in_datacite_record,https://api.datacite.org/dois/10.17632/8kjcztbjz2.2,2026-09-12,The recorded Mendeley V2 link returned a page without dataset metadata during review; its DataCite DOI record confirms the deposit and CC BY 4.0 declaration. Use the linked Data in Brief article for access information if the deposit page is unavailable.,raiMultiformat2023,article,Multi-Format Open-Source Weed Image Dataset for Real-Time Weed Identification in Precision Agriculture,"Rai, Nitin and Mahecha, Maria Villamil and Christensen, Annika and Quanbeck, Jamison and Zhang, Yu and Howatt, Kirk and Ostlie, Michael and Sun, Xin",2023,Data Brief,10.1016/j.dib.2023.109691,https://doi.org/10.1016/j.dib.2023.109691,verified,
41,TobSet,tobset,TobSet,crop_weed,Detection,2,1,8000,Whole-plant,Outdoor,"Tobacco, weeds",https://github.com/mshahabalam/TobSet,,https://github.com/mshahabalam/TobSet,https://github.com/mshahabalam/TobSet,TobSet,mapped,7458,1,5220,745,1493,unknown,unknown,,,,alamTobSet2022,article,TobSet: A New Tobacco Crop and Weeds Image Dataset and Its Utilization for Vision-Based Spraying by Agricultural Robots,"Alam, Muhammad Shahab and Alam, Mansoor and Tufail, Muhammad and Khan, Muhammad Umer and Güneş, Ahmet and Salah, Bashir and Nasir, Fazal E. and Saleem, Waqas and Khan, Muhammad Tahir",2022,Appl. Sci.,10.3390/app12031308,https://doi.org/10.3390/app12031308,verified,
